Date,Shift,Machine_No,Product,Operator,Planned_Time_Min,Run_Time_Min,Downtime_Min,Qty_Produced,Scrap,Standard_Rate
01-06-2025,1,1,82mm,A.Shaikh,480,420,60,12750,193,1900
01-06-2025,1,2,53mm,P.Singh,480,465,15,16544,412,2200
01-06-2025,1,3,74mm,M.Kadam,480,420,60,15504,768,2100
01-06-2025,1,4,53mm,B.Sawale,480,465,15,18532,879,2200
01-06-2025,1,5,82mm,B.Sawale,480,450,30,15561,662,1900
01-06-2025,1,6,82mm,L.Jadhav,480,480,0,15808,471,1900
01-06-2025,2,1,74mm,B.Kumar,480,465,15,17598,287,2100
01-06-2025,2,2,38mm,P.Singh,480,420,60,13822,647,1800
01-06-2025,2,3,74mm,M.Kadam,480,450,30,15029,732,2100
01-06-2025,2,4,82mm,M.Kadam,480,435,45,14232,389,1900
01-06-2025,2,5,82mm,P.Singh,480,465,15,13280,291,1900
01-06-2025,2,6,82mm,A.Shaikh,480,480,0,15392,760,1900
02-06-2025,1,1,35mm,B.Sawale,480,450,30,15046,292,2000
02-06-2025,1,2,35mm,P.Singh,480,450,30,14868,257,2000
02-06-2025,1,3,38mm,M.Kadam,480,465,15,13564,244,1800
02-06-2025,1,4,38mm,M.Kadam,480,450,30,13731,297,1800
02-06-2025,1,5,38mm,M.Kadam,480,450,30,12606,279,1800
02-06-2025,1,6,53mm,P.Singh,480,420,60,16255,624,2200
02-06-2025,2,1,53mm,M.Kadam,480,450,30,15405,384,2200
02-06-2025,2,2,53mm,B.Kumar,480,435,45,14486,324,2200
02-06-2025,2,3,53mm,B.Kumar,480,450,30,16990,539,2200
02-06-2025,2,4,38mm,P.Singh,480,435,45,14142,337,1800
02-06-2025,2,5,74mm,M.Kadam,480,450,30,15261,483,2100
02-06-2025,2,6,74mm,B.Kumar,480,465,15,14782,658,2100
03-06-2025,1,1,53mm,L.Jadhav,480,465,15,18648,560,2200
03-06-2025,1,2,35mm,A.Shaikh,480,480,0,16757,510,2000
03-06-2025,1,3,82mm,B.Sawale,480,435,45,13676,593,1900
03-06-2025,1,4,53mm,B.Sawale,480,435,45,15662,529,2200
03-06-2025,1,5,82mm,P.Singh,480,420,60,11783,418,1900
03-06-2025,1,6,38mm,B.Sawale,480,450,30,12723,365,1800
03-06-2025,2,1,82mm,P.Singh,480,450,30,15471,315,1900
03-06-2025,2,2,35mm,B.Kumar,480,450,30,13390,469,2000
03-06-2025,2,3,35mm,A.Shaikh,480,420,60,14091,431,2000
03-06-2025,2,4,35mm,M.Kadam,480,435,45,14910,322,2000
03-06-2025,2,5,35mm,B.Sawale,480,435,45,15665,716,2000
03-06-2025,2,6,53mm,L.Jadhav,480,435,45,15546,463,2200
04-06-2025,1,1,35mm,B.Kumar,480,480,0,15439,330,2000
04-06-2025,1,2,74mm,A.Shaikh,480,420,60,14544,162,2100
04-06-2025,1,3,35mm,M.Kadam,480,480,0,14079,199,2000
04-06-2025,1,4,38mm,A.Shaikh,480,435,45,13454,196,1800
04-06-2025,1,5,38mm,P.Singh,480,465,15,13353,550,1800
04-06-2025,1,6,82mm,A.Shaikh,480,465,15,15717,785,1900
04-06-2025,2,1,82mm,A.Shaikh,480,480,0,15500,759,1900
04-06-2025,2,2,82mm,B.Kumar,480,450,30,13830,676,1900
04-06-2025,2,3,74mm,B.Sawale,480,420,60,15105,754,2100
04-06-2025,2,4,53mm,A.Shaikh,480,450,30,15684,190,2200
04-06-2025,2,5,82mm,M.Kadam,480,435,45,11922,503,1900
04-06-2025,2,6,74mm,L.Jadhav,480,435,45,13807,283,2100
05-06-2025,1,1,35mm,B.Sawale,480,450,30,12794,508,2000
05-06-2025,1,2,38mm,B.Sawale,480,450,30,11734,415,1800
05-06-2025,1,3,82mm,M.Kadam,480,420,60,11376,133,1900
05-06-2025,1,4,35mm,M.Kadam,480,480,0,14063,541,2000
05-06-2025,1,5,38mm,B.Sawale,480,450,30,11838,454,1800
05-06-2025,1,6,53mm,M.Kadam,480,480,0,16308,591,2200
05-06-2025,2,1,53mm,A.Shaikh,480,480,0,19196,591,2200
05-06-2025,2,2,35mm,M.Kadam,480,435,45,12577,465,2000
05-06-2025,2,3,38mm,A.Shaikh,480,420,60,12254,411,1800
05-06-2025,2,4,35mm,M.Kadam,480,465,15,15186,385,2000
05-06-2025,2,5,38mm,B.Sawale,480,420,60,13087,354,1800
05-06-2025,2,6,82mm,B.Sawale,480,435,45,13201,526,1900
06-06-2025,1,1,38mm,B.Sawale,480,420,60,11454,138,1800
06-06-2025,1,2,82mm,L.Jadhav,480,480,0,13033,261,1900
06-06-2025,1,3,82mm,B.Kumar,480,450,30,14134,607,1900
06-06-2025,1,4,74mm,L.Jadhav,480,465,15,15607,472,2100
06-06-2025,1,5,35mm,L.Jadhav,480,450,30,13777,351,2000
06-06-2025,1,6,82mm,A.Shaikh,480,435,45,14363,336,1900
06-06-2025,2,1,53mm,A.Shaikh,480,420,60,16654,202,2200
06-06-2025,2,2,38mm,B.Sawale,480,450,30,14847,234,1800
06-06-2025,2,3,82mm,B.Kumar,480,435,45,14680,545,1900
06-06-2025,2,4,38mm,B.Kumar,480,420,60,11159,432,1800
06-06-2025,2,5,35mm,P.Singh,480,450,30,13296,409,2000
06-06-2025,2,6,38mm,B.Kumar,480,480,0,13135,275,1800
07-06-2025,1,1,38mm,P.Singh,480,480,0,14176,657,1800
07-06-2025,1,2,53mm,P.Singh,480,480,0,17554,300,2200
07-06-2025,1,3,53mm,M.Kadam,480,480,0,17314,697,2200
07-06-2025,1,4,38mm,P.Singh,480,435,45,12342,486,1800
07-06-2025,1,5,74mm,P.Singh,480,465,15,17307,690,2100
07-06-2025,1,6,35mm,B.Sawale,480,480,0,15447,676,2000
07-06-2025,2,1,53mm,B.Kumar,480,465,15,17736,512,2200
07-06-2025,2,2,53mm,P.Singh,480,450,30,14260,594,2200
07-06-2025,2,3,82mm,A.Shaikh,480,465,15,14150,270,1900
07-06-2025,2,4,38mm,M.Kadam,480,450,30,13529,212,1800
07-06-2025,2,5,82mm,L.Jadhav,480,420,60,13446,531,1900
07-06-2025,2,6,74mm,P.Singh,480,450,30,15224,243,2100
08-06-2025,1,1,35mm,A.Shaikh,480,480,0,14555,612,2000
08-06-2025,1,2,53mm,P.Singh,480,450,30,15092,619,2200
08-06-2025,1,3,38mm,L.Jadhav,480,480,0,12898,615,1800
08-06-2025,1,4,38mm,P.Singh,480,450,30,14550,434,1800
08-06-2025,1,5,53mm,B.Kumar,480,480,0,15718,387,2200
08-06-2025,1,6,74mm,L.Jadhav,480,480,0,18399,192,2100
08-06-2025,2,1,82mm,A.Shaikh,480,465,15,13084,500,1900
08-06-2025,2,2,82mm,M.Kadam,480,420,60,14078,336,1900
08-06-2025,2,3,74mm,A.Shaikh,480,465,15,13865,648,2100
08-06-2025,2,4,82mm,P.Singh,480,420,60,13674,137,1900
08-06-2025,2,5,35mm,M.Kadam,480,465,15,14004,250,2000
08-06-2025,2,6,82mm,L.Jadhav,480,420,60,11656,437,1900
09-06-2025,1,1,82mm,A.Shaikh,480,435,45,13791,196,1900
09-06-2025,1,2,35mm,M.Kadam,480,465,15,13759,350,2000
09-06-2025,1,3,82mm,B.Kumar,480,435,45,14582,705,1900
09-06-2025,1,4,38mm,L.Jadhav,480,435,45,12589,575,1800
09-06-2025,1,5,38mm,P.Singh,480,480,0,13756,410,1800
09-06-2025,1,6,35mm,B.Kumar,480,465,15,16370,710,2000
09-06-2025,2,1,35mm,P.Singh,480,435,45,12566,622,2000
09-06-2025,2,2,38mm,L.Jadhav,480,465,15,12009,430,1800
09-06-2025,2,3,74mm,L.Jadhav,480,465,15,16801,576,2100
09-06-2025,2,4,82mm,A.Shaikh,480,480,0,14811,515,1900
09-06-2025,2,5,53mm,M.Kadam,480,480,0,18306,342,2200
09-06-2025,2,6,53mm,B.Sawale,480,435,45,15792,523,2200
10-06-2025,1,1,74mm,B.Kumar,480,435,45,14019,273,2100
10-06-2025,1,2,82mm,M.Kadam,480,420,60,14440,396,1900
10-06-2025,1,3,38mm,L.Jadhav,480,465,15,14983,697,1800
10-06-2025,1,4,38mm,L.Jadhav,480,420,60,13629,181,1800
10-06-2025,1,5,82mm,P.Singh,480,465,15,15162,684,1900
10-06-2025,1,6,53mm,A.Shaikh,480,450,30,17379,710,2200
10-06-2025,2,1,74mm,B.Sawale,480,480,0,18415,764,2100
10-06-2025,2,2,38mm,B.Kumar,480,450,30,14469,293,1800
10-06-2025,2,3,35mm,M.Kadam,480,420,60,13251,566,2000
10-06-2025,2,4,74mm,B.Sawale,480,435,45,15085,495,2100
10-06-2025,2,5,74mm,L.Jadhav,480,480,0,17318,599,2100
10-06-2025,2,6,53mm,B.Sawale,480,435,45,17133,238,2200
11-06-2025,1,1,35mm,L.Jadhav,480,420,60,12236,295,2000
11-06-2025,1,2,82mm,A.Shaikh,480,420,60,13433,379,1900
11-06-2025,1,3,35mm,A.Shaikh,480,480,0,14874,275,2000
11-06-2025,1,4,74mm,P.Singh,480,450,30,14188,649,2100
11-06-2025,1,5,35mm,M.Kadam,480,435,45,14868,239,2000
11-06-2025,1,6,38mm,B.Sawale,480,435,45,12629,419,1800
11-06-2025,2,1,35mm,L.Jadhav,480,465,15,13899,416,2000
11-06-2025,2,2,82mm,B.Sawale,480,480,0,16156,694,1900
11-06-2025,2,3,74mm,M.Kadam,480,465,15,17302,784,2100
11-06-2025,2,4,35mm,M.Kadam,480,420,60,13479,354,2000
11-06-2025,2,5,53mm,A.Shaikh,480,450,30,14970,472,2200
11-06-2025,2,6,82mm,B.Kumar,480,480,0,13295,583,1900
12-06-2025,1,1,38mm,B.Sawale,480,465,15,13386,591,1800
12-06-2025,1,2,53mm,A.Shaikh,480,465,15,18519,616,2200
12-06-2025,1,3,74mm,B.Kumar,480,450,30,16296,724,2100
12-06-2025,1,4,82mm,A.Shaikh,480,480,0,13411,320,1900
12-06-2025,1,5,82mm,B.Sawale,480,435,45,15004,507,1900
12-06-2025,1,6,35mm,P.Singh,480,450,30,14241,431,2000
12-06-2025,2,1,82mm,P.Singh,480,465,15,14445,229,1900
12-06-2025,2,2,74mm,B.Kumar,480,420,60,14172,436,2100
12-06-2025,2,3,38mm,B.Kumar,480,450,30,14842,231,1800
12-06-2025,2,4,82mm,A.Shaikh,480,450,30,15232,547,1900
12-06-2025,2,5,35mm,B.Kumar,480,465,15,14263,420,2000
12-06-2025,2,6,53mm,B.Kumar,480,435,45,16155,497,2200
13-06-2025,1,1,38mm,L.Jadhav,480,420,60,10816,232,1800
13-06-2025,1,2,38mm,L.Jadhav,480,465,15,14865,539,1800
13-06-2025,1,3,82mm,M.Kadam,480,480,0,16287,727,1900
13-06-2025,1,4,82mm,M.Kadam,480,435,45,12129,529,1900
13-06-2025,1,5,74mm,L.Jadhav,480,480,0,17769,588,2100
13-06-2025,1,6,74mm,L.Jadhav,480,465,15,16664,266,2100
13-06-2025,2,1,74mm,B.Kumar,480,420,60,14652,426,2100
13-06-2025,2,2,82mm,B.Sawale,480,480,0,14146,245,1900
13-06-2025,2,3,35mm,B.Kumar,480,420,60,13752,266,2000
13-06-2025,2,4,74mm,B.Kumar,480,465,15,15616,375,2100
13-06-2025,2,5,82mm,P.Singh,480,420,60,14256,325,1900
13-06-2025,2,6,35mm,B.Kumar,480,465,15,14595,282,2000
14-06-2025,1,1,53mm,P.Singh,480,420,60,16632,303,2200
14-06-2025,1,2,82mm,M.Kadam,480,435,45,13094,383,1900
14-06-2025,1,3,82mm,P.Singh,480,420,60,14034,327,1900
14-06-2025,1,4,82mm,B.Kumar,480,465,15,13461,353,1900
14-06-2025,1,5,82mm,B.Sawale,480,465,15,13485,363,1900
14-06-2025,1,6,53mm,B.Sawale,480,480,0,16032,483,2200
14-06-2025,2,1,53mm,L.Jadhav,480,465,15,15199,329,2200
14-06-2025,2,2,74mm,B.Kumar,480,450,30,14631,468,2100
14-06-2025,2,3,82mm,B.Sawale,480,435,45,15095,612,1900
14-06-2025,2,4,53mm,M.Kadam,480,465,15,16174,634,2200
14-06-2025,2,5,82mm,M.Kadam,480,435,45,12782,566,1900
14-06-2025,2,6,74mm,P.Singh,480,465,15,14823,411,2100
15-06-2025,1,1,35mm,B.Kumar,480,435,45,13824,299,2000
15-06-2025,1,2,74mm,M.Kadam,480,465,15,14185,172,2100
15-06-2025,1,3,35mm,B.Sawale,480,435,45,13449,218,2000
15-06-2025,1,4,53mm,M.Kadam,480,435,45,14077,234,2200
15-06-2025,1,5,53mm,A.Shaikh,480,450,30,15317,639,2200
15-06-2025,1,6,35mm,A.Shaikh,480,465,15,14462,452,2000
15-06-2025,2,1,53mm,P.Singh,480,435,45,14371,144,2200
15-06-2025,2,2,35mm,L.Jadhav,480,480,0,13727,362,2000
15-06-2025,2,3,74mm,M.Kadam,480,435,45,13115,608,2100
15-06-2025,2,4,53mm,M.Kadam,480,465,15,17956,600,2200
15-06-2025,2,5,53mm,P.Singh,480,435,45,15135,639,2200
15-06-2025,2,6,38mm,P.Singh,480,435,45,12082,122,1800
16-06-2025,1,1,35mm,P.Singh,480,435,45,12773,137,2000
16-06-2025,1,2,74mm,A.Shaikh,480,480,0,16016,281,2100
16-06-2025,1,3,38mm,L.Jadhav,480,450,30,11932,410,1800
16-06-2025,1,4,38mm,M.Kadam,480,465,15,12615,355,1800
16-06-2025,1,5,74mm,A.Shaikh,480,480,0,18272,395,2100
16-06-2025,1,6,74mm,P.Singh,480,465,15,15165,421,2100
16-06-2025,2,1,82mm,L.Jadhav,480,435,45,14239,222,1900
16-06-2025,2,2,53mm,P.Singh,480,480,0,15847,314,2200
16-06-2025,2,3,82mm,A.Shaikh,480,420,60,14551,565,1900
16-06-2025,2,4,38mm,A.Shaikh,480,480,0,12836,162,1800
16-06-2025,2,5,38mm,M.Kadam,480,480,0,14192,670,1800
16-06-2025,2,6,74mm,B.Sawale,480,435,45,15530,699,2100
17-06-2025,1,1,74mm,M.Kadam,480,450,30,13799,469,2100
17-06-2025,1,2,35mm,L.Jadhav,480,435,45,12951,253,2000
17-06-2025,1,3,53mm,A.Shaikh,480,450,30,18049,636,2200
17-06-2025,1,4,38mm,B.Kumar,480,465,15,14075,593,1800
17-06-2025,1,5,35mm,B.Sawale,480,450,30,15431,421,2000
17-06-2025,1,6,74mm,A.Shaikh,480,435,45,13795,244,2100
17-06-2025,2,1,53mm,B.Sawale,480,450,30,15277,462,2200
17-06-2025,2,2,74mm,L.Jadhav,480,420,60,15957,193,2100
17-06-2025,2,3,74mm,P.Singh,480,465,15,17442,342,2100
17-06-2025,2,4,35mm,P.Singh,480,480,0,17149,431,2000
17-06-2025,2,5,38mm,A.Shaikh,480,465,15,14150,411,1800
17-06-2025,2,6,53mm,B.Sawale,480,480,0,16890,536,2200
18-06-2025,1,1,35mm,L.Jadhav,480,450,30,16216,583,2000
18-06-2025,1,2,38mm,L.Jadhav,480,465,15,13255,314,1800
18-06-2025,1,3,38mm,P.Singh,480,435,45,13703,647,1800
18-06-2025,1,4,53mm,A.Shaikh,480,480,0,17442,748,2200
18-06-2025,1,5,74mm,A.Shaikh,480,420,60,13070,648,2100
18-06-2025,1,6,35mm,A.Shaikh,480,480,0,16493,489,2000
18-06-2025,2,1,38mm,A.Shaikh,480,465,15,14264,175,1800
18-06-2025,2,2,82mm,P.Singh,480,480,0,16183,327,1900
18-06-2025,2,3,53mm,A.Shaikh,480,435,45,14324,384,2200
18-06-2025,2,4,35mm,P.Singh,480,450,30,13272,546,2000
18-06-2025,2,5,74mm,B.Kumar,480,480,0,14829,620,2100
18-06-2025,2,6,74mm,L.Jadhav,480,435,45,15901,247,2100
19-06-2025,1,1,53mm,B.Sawale,480,450,30,14261,171,2200
19-06-2025,1,2,82mm,A.Shaikh,480,465,15,14752,420,1900
19-06-2025,1,3,38mm,L.Jadhav,480,420,60,12119,598,1800
19-06-2025,1,4,74mm,L.Jadhav,480,465,15,17728,242,2100
19-06-2025,1,5,74mm,A.Shaikh,480,465,15,16595,731,2100
19-06-2025,1,6,35mm,M.Kadam,480,480,0,16551,502,2000
19-06-2025,2,1,74mm,M.Kadam,480,420,60,14590,439,2100
19-06-2025,2,2,38mm,B.Kumar,480,465,15,12781,194,1800
19-06-2025,2,3,53mm,A.Shaikh,480,480,0,16831,524,2200
19-06-2025,2,4,35mm,M.Kadam,480,480,0,13983,662,2000
19-06-2025,2,5,82mm,M.Kadam,480,480,0,14918,332,1900
19-06-2025,2,6,38mm,P.Singh,480,450,30,13164,296,1800
20-06-2025,1,1,35mm,A.Shaikh,480,450,30,14469,268,2000
20-06-2025,1,2,38mm,B.Sawale,480,435,45,12470,425,1800
20-06-2025,1,3,82mm,B.Kumar,480,420,60,12282,346,1900
20-06-2025,1,4,74mm,B.Kumar,480,420,60,13455,147,2100
20-06-2025,1,5,35mm,B.Sawale,480,435,45,14089,454,2000
20-06-2025,1,6,35mm,A.Shaikh,480,435,45,14885,254,2000
20-06-2025,2,1,38mm,B.Sawale,480,465,15,12938,574,1800
20-06-2025,2,2,74mm,P.Singh,480,480,0,14505,316,2100
20-06-2025,2,3,35mm,M.Kadam,480,420,60,13944,521,2000
20-06-2025,2,4,35mm,B.Kumar,480,420,60,14172,622,2000
20-06-2025,2,5,82mm,M.Kadam,480,435,45,12934,527,1900
20-06-2025,2,6,82mm,B.Kumar,480,420,60,13979,657,1900
21-06-2025,1,1,82mm,P.Singh,480,450,30,12926,246,1900
21-06-2025,1,2,35mm,A.Shaikh,480,450,30,12946,556,2000
21-06-2025,1,3,53mm,L.Jadhav,480,450,30,15758,504,2200
21-06-2025,1,4,35mm,M.Kadam,480,480,0,15267,623,2000
21-06-2025,1,5,53mm,A.Shaikh,480,420,60,13560,404,2200
21-06-2025,1,6,53mm,A.Shaikh,480,480,0,17875,399,2200
21-06-2025,2,1,82mm,L.Jadhav,480,480,0,14050,264,1900
21-06-2025,2,2,38mm,M.Kadam,480,450,30,13942,347,1800
21-06-2025,2,3,82mm,L.Jadhav,480,450,30,13580,463,1900
21-06-2025,2,4,53mm,B.Kumar,480,465,15,14789,557,2200
21-06-2025,2,5,53mm,M.Kadam,480,465,15,16885,719,2200
21-06-2025,2,6,53mm,A.Shaikh,480,450,30,14678,624,2200
22-06-2025,1,1,74mm,P.Singh,480,450,30,13672,450,2100
22-06-2025,1,2,53mm,B.Kumar,480,435,45,14645,261,2200
22-06-2025,1,3,38mm,B.Sawale,480,420,60,12832,462,1800
22-06-2025,1,4,74mm,B.Kumar,480,420,60,15837,368,2100
22-06-2025,1,5,38mm,L.Jadhav,480,420,60,13046,557,1800
22-06-2025,1,6,38mm,L.Jadhav,480,420,60,11894,407,1800
22-06-2025,2,1,74mm,M.Kadam,480,420,60,13496,394,2100
22-06-2025,2,2,74mm,M.Kadam,480,435,45,16018,268,2100
22-06-2025,2,3,38mm,P.Singh,480,450,30,13487,435,1800
22-06-2025,2,4,38mm,M.Kadam,480,465,15,12947,334,1800
22-06-2025,2,5,38mm,P.Singh,480,480,0,15530,317,1800
22-06-2025,2,6,82mm,P.Singh,480,480,0,16517,708,1900
23-06-2025,1,1,74mm,A.Shaikh,480,435,45,15308,197,2100
23-06-2025,1,2,82mm,B.Kumar,480,465,15,12620,607,1900
23-06-2025,1,3,38mm,P.Singh,480,465,15,15185,348,1800
23-06-2025,1,4,74mm,L.Jadhav,480,450,30,14420,709,2100
23-06-2025,1,5,35mm,P.Singh,480,465,15,14996,651,2000
23-06-2025,1,6,74mm,B.Sawale,480,480,0,15781,499,2100
23-06-2025,2,1,35mm,A.Shaikh,480,450,30,15677,710,2000
23-06-2025,2,2,74mm,P.Singh,480,435,45,15752,447,2100
23-06-2025,2,3,35mm,M.Kadam,480,420,60,13873,475,2000
23-06-2025,2,4,82mm,B.Sawale,480,480,0,13677,655,1900
23-06-2025,2,5,53mm,B.Kumar,480,420,60,14922,536,2200
23-06-2025,2,6,74mm,B.Sawale,480,465,15,13976,220,2100
24-06-2025,1,1,82mm,P.Singh,480,465,15,15380,277,1900
24-06-2025,1,2,38mm,B.Sawale,480,450,30,14845,707,1800
24-06-2025,1,3,82mm,B.Kumar,480,480,0,14386,503,1900
24-06-2025,1,4,53mm,L.Jadhav,480,420,60,15383,261,2200
24-06-2025,1,5,35mm,B.Kumar,480,480,0,16073,611,2000
24-06-2025,1,6,35mm,L.Jadhav,480,450,30,15331,538,2000
24-06-2025,2,1,74mm,M.Kadam,480,435,45,14344,698,2100
24-06-2025,2,2,53mm,A.Shaikh,480,480,0,16787,315,2200
24-06-2025,2,3,38mm,B.Kumar,480,435,45,11750,506,1800
24-06-2025,2,4,38mm,B.Sawale,480,480,0,15800,631,1800
24-06-2025,2,5,74mm,P.Singh,480,465,15,15119,731,2100
24-06-2025,2,6,53mm,B.Sawale,480,420,60,14530,546,2200
25-06-2025,1,1,53mm,B.Kumar,480,450,30,17822,445,2200
25-06-2025,1,2,38mm,M.Kadam,480,435,45,12602,442,1800
25-06-2025,1,3,38mm,B.Sawale,480,420,60,12496,588,1800
25-06-2025,1,4,53mm,B.Kumar,480,450,30,14211,693,2200
25-06-2025,1,5,38mm,B.Kumar,480,420,60,10721,448,1800
25-06-2025,1,6,38mm,A.Shaikh,480,465,15,13280,295,1800
25-06-2025,2,1,74mm,B.Sawale,480,435,45,14205,696,2100
25-06-2025,2,2,35mm,B.Sawale,480,450,30,13324,273,2000
25-06-2025,2,3,53mm,M.Kadam,480,480,0,18016,812,2200
25-06-2025,2,4,35mm,L.Jadhav,480,480,0,16278,439,2000
25-06-2025,2,5,82mm,B.Sawale,480,465,15,15179,364,1900
25-06-2025,2,6,74mm,P.Singh,480,435,45,15600,270,2100
26-06-2025,1,1,74mm,P.Singh,480,450,30,14506,238,2100
26-06-2025,1,2,82mm,B.Sawale,480,480,0,13173,448,1900
26-06-2025,1,3,38mm,B.Sawale,480,450,30,14140,158,1800
26-06-2025,1,4,74mm,B.Sawale,480,465,15,16362,722,2100
26-06-2025,1,5,35mm,A.Shaikh,480,420,60,14045,457,2000
26-06-2025,1,6,74mm,L.Jadhav,480,450,30,17206,196,2100
26-06-2025,2,1,74mm,A.Shaikh,480,480,0,15403,626,2100
26-06-2025,2,2,74mm,P.Singh,480,450,30,13789,155,2100
26-06-2025,2,3,74mm,B.Kumar,480,465,15,17159,282,2100
26-06-2025,2,4,74mm,M.Kadam,480,465,15,14684,303,2100
26-06-2025,2,5,35mm,B.Sawale,480,450,30,14090,268,2000
26-06-2025,2,6,82mm,B.Sawale,480,465,15,15701,345,1900
27-06-2025,1,1,74mm,A.Shaikh,480,480,0,16641,604,2100
27-06-2025,1,2,35mm,L.Jadhav,480,450,30,14988,335,2000
27-06-2025,1,3,74mm,A.Shaikh,480,480,0,17966,332,2100
27-06-2025,1,4,74mm,B.Sawale,480,450,30,15835,644,2100
27-06-2025,1,5,53mm,A.Shaikh,480,450,30,15774,464,2200
27-06-2025,1,6,82mm,A.Shaikh,480,435,45,12727,354,1900
27-06-2025,2,1,82mm,B.Sawale,480,480,0,15193,627,1900
27-06-2025,2,2,38mm,P.Singh,480,480,0,14510,677,1800
27-06-2025,2,3,74mm,L.Jadhav,480,435,45,16653,574,2100
27-06-2025,2,4,82mm,B.Kumar,480,465,15,15298,443,1900
27-06-2025,2,5,38mm,M.Kadam,480,435,45,11762,465,1800
27-06-2025,2,6,74mm,M.Kadam,480,465,15,17337,209,2100
28-06-2025,1,1,53mm,L.Jadhav,480,435,45,15477,566,2200
28-06-2025,1,2,74mm,L.Jadhav,480,450,30,13540,295,2100
28-06-2025,1,3,38mm,A.Shaikh,480,420,60,11851,285,1800
28-06-2025,1,4,82mm,B.Sawale,480,420,60,11475,555,1900
28-06-2025,1,5,35mm,M.Kadam,480,450,30,13610,568,2000
28-06-2025,1,6,53mm,A.Shaikh,480,480,0,17144,626,2200
28-06-2025,2,1,53mm,M.Kadam,480,480,0,18472,566,2200
28-06-2025,2,2,82mm,M.Kadam,480,435,45,12593,448,1900
28-06-2025,2,3,74mm,B.Kumar,480,420,60,13220,165,2100
28-06-2025,2,4,53mm,A.Shaikh,480,420,60,16609,718,2200
28-06-2025,2,5,82mm,B.Sawale,480,420,60,11418,283,1900
28-06-2025,2,6,35mm,M.Kadam,480,450,30,15660,651,2000
29-06-2025,1,1,35mm,L.Jadhav,480,450,30,13777,492,2000
29-06-2025,1,2,35mm,B.Sawale,480,450,30,16163,313,2000
29-06-2025,1,3,35mm,P.Singh,480,465,15,15083,197,2000
29-06-2025,1,4,53mm,M.Kadam,480,435,45,16582,395,2200
29-06-2025,1,5,38mm,B.Kumar,480,480,0,13027,345,1800
29-06-2025,1,6,82mm,B.Kumar,480,420,60,11376,126,1900
29-06-2025,2,1,74mm,A.Shaikh,480,450,30,16488,733,2100
29-06-2025,2,2,82mm,A.Shaikh,480,435,45,12012,261,1900
29-06-2025,2,3,35mm,A.Shaikh,480,450,30,15817,190,2000
29-06-2025,2,4,74mm,M.Kadam,480,435,45,16052,282,2100
29-06-2025,2,5,38mm,P.Singh,480,465,15,14475,162,1800
29-06-2025,2,6,74mm,M.Kadam,480,465,15,16373,766,2100
30-06-2025,1,1,82mm,P.Singh,480,435,45,14969,290,1900
30-06-2025,1,2,35mm,P.Singh,480,450,30,13572,389,2000
30-06-2025,1,3,35mm,B.Sawale,480,465,15,15734,320,2000
30-06-2025,1,4,38mm,M.Kadam,480,435,45,13305,244,1800
30-06-2025,1,5,53mm,B.Kumar,480,420,60,15795,209,2200
30-06-2025,1,6,53mm,B.Sawale,480,465,15,17784,527,2200
30-06-2025,2,1,53mm,B.Kumar,480,450,30,16950,492,2200
30-06-2025,2,2,82mm,A.Shaikh,480,450,30,14987,488,1900
30-06-2025,2,3,82mm,L.Jadhav,480,465,15,14782,377,1900
30-06-2025,2,4,74mm,B.Kumar,480,465,15,14811,379,2100
30-06-2025,2,5,82mm,B.Sawale,480,465,15,14400,658,1900
30-06-2025,2,6,35mm,M.Kadam,480,480,0,17318,747,2000
01-07-2025,1,1,53mm,A.Shaikh,480,465,15,14860,285,2200
01-07-2025,1,2,53mm,L.Jadhav,480,420,60,14253,431,2200
01-07-2025,1,3,82mm,L.Jadhav,480,435,45,12841,191,1900
01-07-2025,1,4,38mm,B.Kumar,480,480,0,13336,395,1800
01-07-2025,1,5,74mm,B.Kumar,480,420,60,15054,478,2100
01-07-2025,1,6,35mm,B.Sawale,480,465,15,14400,636,2000
01-07-2025,2,1,74mm,M.Kadam,480,435,45,13688,666,2100
01-07-2025,2,2,35mm,M.Kadam,480,450,30,15479,762,2000
01-07-2025,2,3,82mm,P.Singh,480,480,0,14361,285,1900
01-07-2025,2,4,38mm,L.Jadhav,480,450,30,11893,340,1800
01-07-2025,2,5,38mm,M.Kadam,480,435,45,14198,190,1800
01-07-2025,2,6,53mm,A.Shaikh,480,465,15,17574,526,2200
02-07-2025,1,1,38mm,B.Kumar,480,465,15,12322,179,1800
02-07-2025,1,2,74mm,L.Jadhav,480,450,30,15970,625,2100
02-07-2025,1,3,35mm,B.Kumar,480,435,45,14614,309,2000
02-07-2025,1,4,82mm,A.Shaikh,480,420,60,11566,523,1900
02-07-2025,1,5,53mm,P.Singh,480,420,60,13963,338,2200
02-07-2025,1,6,82mm,B.Sawale,480,465,15,15641,300,1900
02-07-2025,2,1,53mm,M.Kadam,480,465,15,14635,514,2200
02-07-2025,2,2,53mm,B.Kumar,480,450,30,14057,515,2200
02-07-2025,2,3,82mm,B.Sawale,480,420,60,13115,616,1900
02-07-2025,2,4,35mm,P.Singh,480,420,60,14294,526,2000
02-07-2025,2,5,82mm,B.Kumar,480,480,0,13163,566,1900
02-07-2025,2,6,38mm,L.Jadhav,480,420,60,12613,404,1800
03-07-2025,1,1,53mm,B.Sawale,480,420,60,14455,333,2200
03-07-2025,1,2,82mm,L.Jadhav,480,450,30,12738,389,1900
03-07-2025,1,3,74mm,L.Jadhav,480,435,45,14559,513,2100
03-07-2025,1,4,74mm,M.Kadam,480,450,30,14828,201,2100
03-07-2025,1,5,74mm,P.Singh,480,450,30,14275,208,2100
03-07-2025,1,6,82mm,A.Shaikh,480,435,45,13857,325,1900
03-07-2025,2,1,53mm,A.Shaikh,480,435,45,13694,395,2200
03-07-2025,2,2,82mm,B.Sawale,480,420,60,11523,121,1900
03-07-2025,2,3,53mm,B.Kumar,480,435,45,14215,308,2200
03-07-2025,2,4,74mm,A.Shaikh,480,420,60,16017,761,2100
03-07-2025,2,5,38mm,B.Kumar,480,435,45,14312,479,1800
03-07-2025,2,6,53mm,A.Shaikh,480,435,45,14314,589,2200
04-07-2025,1,1,38mm,L.Jadhav,480,480,0,14480,559,1800
04-07-2025,1,2,82mm,B.Sawale,480,420,60,14312,531,1900
04-07-2025,1,3,82mm,B.Sawale,480,480,0,14912,280,1900
04-07-2025,1,4,82mm,B.Sawale,480,420,60,12123,335,1900
04-07-2025,1,5,74mm,L.Jadhav,480,465,15,16828,765,2100
04-07-2025,1,6,53mm,L.Jadhav,480,450,30,15488,651,2200
04-07-2025,2,1,35mm,A.Shaikh,480,480,0,16815,175,2000
04-07-2025,2,2,82mm,P.Singh,480,465,15,14912,608,1900
04-07-2025,2,3,35mm,B.Kumar,480,435,45,15881,658,2000
04-07-2025,2,4,53mm,P.Singh,480,420,60,16463,435,2200
04-07-2025,2,5,74mm,M.Kadam,480,450,30,13936,607,2100
04-07-2025,2,6,53mm,M.Kadam,480,480,0,18264,596,2200
05-07-2025,1,1,35mm,L.Jadhav,480,480,0,17403,580,2000
05-07-2025,1,2,74mm,B.Sawale,480,450,30,16484,164,2100
05-07-2025,1,3,35mm,P.Singh,480,420,60,14339,228,2000
05-07-2025,1,4,35mm,M.Kadam,480,420,60,13381,211,2000
05-07-2025,1,5,35mm,P.Singh,480,450,30,14916,722,2000
05-07-2025,1,6,35mm,B.Sawale,480,480,0,14440,465,2000
05-07-2025,2,1,82mm,A.Shaikh,480,435,45,14226,343,1900
05-07-2025,2,2,53mm,L.Jadhav,480,435,45,14983,497,2200
05-07-2025,2,3,74mm,A.Shaikh,480,480,0,17669,855,2100
05-07-2025,2,4,74mm,P.Singh,480,420,60,14007,537,2100
05-07-2025,2,5,74mm,L.Jadhav,480,450,30,14074,378,2100
05-07-2025,2,6,38mm,B.Sawale,480,435,45,12840,453,1800
06-07-2025,1,1,38mm,B.Kumar,480,450,30,13074,138,1800
06-07-2025,1,2,53mm,B.Kumar,480,450,30,17914,233,2200
06-07-2025,1,3,74mm,P.Singh,480,450,30,15451,242,2100
06-07-2025,1,4,53mm,P.Singh,480,435,45,14997,336,2200
06-07-2025,1,5,53mm,B.Sawale,480,435,45,17457,715,2200
06-07-2025,1,6,35mm,B.Sawale,480,435,45,13488,662,2000
06-07-2025,2,1,53mm,A.Shaikh,480,465,15,18666,488,2200
06-07-2025,2,2,53mm,M.Kadam,480,420,60,15526,267,2200
06-07-2025,2,3,35mm,A.Shaikh,480,435,45,12459,233,2000
06-07-2025,2,4,82mm,B.Sawale,480,465,15,14254,176,1900
06-07-2025,2,5,74mm,B.Kumar,480,465,15,17523,507,2100
06-07-2025,2,6,38mm,M.Kadam,480,420,60,12016,365,1800
07-07-2025,1,1,35mm,A.Shaikh,480,465,15,14259,474,2000
07-07-2025,1,2,38mm,L.Jadhav,480,480,0,15478,265,1800
07-07-2025,1,3,35mm,B.Kumar,480,450,30,15664,747,2000
07-07-2025,1,4,74mm,A.Shaikh,480,480,0,18113,836,2100
07-07-2025,1,5,35mm,A.Shaikh,480,465,15,15758,244,2000
07-07-2025,1,6,82mm,L.Jadhav,480,420,60,11506,135,1900
07-07-2025,2,1,74mm,A.Shaikh,480,465,15,15499,482,2100
07-07-2025,2,2,74mm,L.Jadhav,480,465,15,16722,658,2100
07-07-2025,2,3,35mm,P.Singh,480,465,15,15322,265,2000
07-07-2025,2,4,82mm,M.Kadam,480,465,15,14147,632,1900
07-07-2025,2,5,35mm,B.Kumar,480,465,15,14127,571,2000
07-07-2025,2,6,74mm,L.Jadhav,480,465,15,15243,295,2100
08-07-2025,1,1,35mm,P.Singh,480,465,15,16026,668,2000
08-07-2025,1,2,38mm,P.Singh,480,480,0,14967,401,1800
08-07-2025,1,3,82mm,A.Shaikh,480,480,0,13414,324,1900
08-07-2025,1,4,82mm,A.Shaikh,480,465,15,12861,601,1900
08-07-2025,1,5,35mm,M.Kadam,480,480,0,13992,606,2000
08-07-2025,1,6,35mm,P.Singh,480,420,60,13372,190,2000
08-07-2025,2,1,82mm,M.Kadam,480,420,60,13971,303,1900
08-07-2025,2,2,38mm,P.Singh,480,435,45,13456,181,1800
08-07-2025,2,3,35mm,A.Shaikh,480,465,15,13570,302,2000
08-07-2025,2,4,35mm,P.Singh,480,420,60,13369,629,2000
08-07-2025,2,5,35mm,P.Singh,480,435,45,12349,332,2000
08-07-2025,2,6,82mm,B.Sawale,480,480,0,14466,441,1900
09-07-2025,1,1,82mm,B.Sawale,480,465,15,15433,465,1900
09-07-2025,1,2,53mm,P.Singh,480,465,15,16039,680,2200
09-07-2025,1,3,53mm,L.Jadhav,480,420,60,16845,692,2200
09-07-2025,1,4,35mm,P.Singh,480,465,15,14687,236,2000
09-07-2025,1,5,53mm,A.Shaikh,480,465,15,14789,596,2200
09-07-2025,1,6,74mm,L.Jadhav,480,450,30,14330,431,2100
09-07-2025,2,1,38mm,B.Kumar,480,465,15,15321,205,1800
09-07-2025,2,2,35mm,B.Sawale,480,450,30,16032,651,2000
09-07-2025,2,3,38mm,A.Shaikh,480,450,30,14163,569,1800
09-07-2025,2,4,38mm,B.Sawale,480,420,60,12683,442,1800
09-07-2025,2,5,53mm,L.Jadhav,480,435,45,15123,389,2200
09-07-2025,2,6,74mm,M.Kadam,480,480,0,17213,371,2100
10-07-2025,1,1,38mm,M.Kadam,480,450,30,14325,289,1800
10-07-2025,1,2,35mm,B.Kumar,480,450,30,16315,597,2000
10-07-2025,1,3,53mm,B.Kumar,480,480,0,17984,273,2200
10-07-2025,1,4,53mm,P.Singh,480,465,15,16616,550,2200
10-07-2025,1,5,53mm,M.Kadam,480,465,15,16020,469,2200
10-07-2025,1,6,35mm,B.Kumar,480,435,45,14600,373,2000
10-07-2025,2,1,82mm,B.Kumar,480,435,45,12728,544,1900
10-07-2025,2,2,35mm,A.Shaikh,480,435,45,13123,382,2000
10-07-2025,2,3,35mm,B.Kumar,480,480,0,15939,543,2000
10-07-2025,2,4,82mm,L.Jadhav,480,465,15,13435,302,1900
10-07-2025,2,5,35mm,P.Singh,480,465,15,16644,729,2000
10-07-2025,2,6,74mm,M.Kadam,480,420,60,13912,499,2100
11-07-2025,1,1,53mm,A.Shaikh,480,480,0,16068,165,2200
11-07-2025,1,2,82mm,B.Kumar,480,480,0,13461,416,1900
11-07-2025,1,3,53mm,A.Shaikh,480,420,60,15796,425,2200
11-07-2025,1,4,82mm,P.Singh,480,465,15,13944,373,1900
11-07-2025,1,5,38mm,M.Kadam,480,465,15,15031,567,1800
11-07-2025,1,6,35mm,P.Singh,480,450,30,15524,383,2000
11-07-2025,2,1,82mm,L.Jadhav,480,435,45,13584,212,1900
11-07-2025,2,2,38mm,P.Singh,480,465,15,12728,464,1800
11-07-2025,2,3,74mm,B.Sawale,480,450,30,14241,608,2100
11-07-2025,2,4,35mm,P.Singh,480,450,30,15659,389,2000
11-07-2025,2,5,35mm,B.Kumar,480,465,15,14743,599,2000
11-07-2025,2,6,74mm,P.Singh,480,435,45,16510,725,2100
12-07-2025,1,1,74mm,B.Sawale,480,420,60,14547,174,2100
12-07-2025,1,2,38mm,P.Singh,480,450,30,13442,362,1800
12-07-2025,1,3,38mm,L.Jadhav,480,420,60,12651,591,1800
12-07-2025,1,4,35mm,B.Sawale,480,420,60,14308,590,2000
12-07-2025,1,5,35mm,B.Sawale,480,450,30,14202,307,2000
12-07-2025,1,6,74mm,B.Sawale,480,480,0,16072,767,2100
12-07-2025,2,1,74mm,M.Kadam,480,435,45,13942,486,2100
12-07-2025,2,2,35mm,B.Kumar,480,435,45,13772,683,2000
12-07-2025,2,3,35mm,L.Jadhav,480,420,60,12925,502,2000
12-07-2025,2,4,53mm,B.Sawale,480,435,45,16234,266,2200
12-07-2025,2,5,38mm,B.Kumar,480,465,15,12722,443,1800
12-07-2025,2,6,35mm,B.Kumar,480,435,45,13457,441,2000
13-07-2025,1,1,53mm,B.Kumar,480,435,45,15579,161,2200
13-07-2025,1,2,74mm,P.Singh,480,450,30,15474,662,2100
13-07-2025,1,3,35mm,L.Jadhav,480,420,60,14074,666,2000
13-07-2025,1,4,35mm,P.Singh,480,450,30,16168,704,2000
13-07-2025,1,5,35mm,L.Jadhav,480,450,30,14147,301,2000
13-07-2025,1,6,35mm,M.Kadam,480,450,30,13490,136,2000
13-07-2025,2,1,74mm,A.Shaikh,480,420,60,15614,546,2100
13-07-2025,2,2,74mm,P.Singh,480,480,0,17009,490,2100
13-07-2025,2,3,82mm,B.Kumar,480,435,45,12745,588,1900
13-07-2025,2,4,82mm,B.Sawale,480,420,60,14173,609,1900
13-07-2025,2,5,74mm,L.Jadhav,480,450,30,14408,507,2100
13-07-2025,2,6,35mm,P.Singh,480,420,60,14410,443,2000
14-07-2025,1,1,82mm,B.Sawale,480,465,15,12791,623,1900
14-07-2025,1,2,35mm,B.Kumar,480,465,15,15818,475,2000
14-07-2025,1,3,53mm,L.Jadhav,480,465,15,15610,161,2200
14-07-2025,1,4,35mm,A.Shaikh,480,420,60,13778,594,2000
14-07-2025,1,5,38mm,L.Jadhav,480,480,0,13499,172,1800
14-07-2025,1,6,74mm,B.Sawale,480,420,60,15208,160,2100
14-07-2025,2,1,38mm,L.Jadhav,480,480,0,12410,427,1800
14-07-2025,2,2,38mm,B.Sawale,480,450,30,14348,157,1800
14-07-2025,2,3,82mm,A.Shaikh,480,480,0,13354,191,1900
14-07-2025,2,4,35mm,L.Jadhav,480,465,15,15897,485,2000
14-07-2025,2,5,53mm,A.Shaikh,480,420,60,13721,517,2200
14-07-2025,2,6,74mm,B.Kumar,480,435,45,16475,262,2100
15-07-2025,1,1,74mm,L.Jadhav,480,420,60,12698,564,2100
15-07-2025,1,2,53mm,P.Singh,480,465,15,16258,536,2200
15-07-2025,1,3,35mm,M.Kadam,480,450,30,15214,735,2000
15-07-2025,1,4,38mm,P.Singh,480,465,15,14816,507,1800
15-07-2025,1,5,38mm,B.Kumar,480,420,60,10904,419,1800
15-07-2025,1,6,74mm,L.Jadhav,480,435,45,13014,217,2100
15-07-2025,2,1,53mm,B.Sawale,480,465,15,14713,181,2200
15-07-2025,2,2,53mm,M.Kadam,480,480,0,16121,746,2200
15-07-2025,2,3,35mm,A.Shaikh,480,465,15,13961,456,2000
15-07-2025,2,4,82mm,M.Kadam,480,465,15,13365,573,1900
15-07-2025,2,5,74mm,M.Kadam,480,465,15,16703,441,2100
15-07-2025,2,6,82mm,L.Jadhav,480,465,15,13752,489,1900
16-07-2025,1,1,38mm,M.Kadam,480,450,30,13789,546,1800
16-07-2025,1,2,38mm,P.Singh,480,420,60,11152,549,1800
16-07-2025,1,3,74mm,A.Shaikh,480,420,60,14651,580,2100
16-07-2025,1,4,53mm,B.Sawale,480,450,30,17276,782,2200
16-07-2025,1,5,74mm,P.Singh,480,465,15,16374,329,2100
16-07-2025,1,6,53mm,P.Singh,480,450,30,16382,803,2200
16-07-2025,2,1,38mm,B.Sawale,480,420,60,13047,223,1800
16-07-2025,2,2,82mm,B.Kumar,480,465,15,12572,614,1900
16-07-2025,2,3,74mm,A.Shaikh,480,420,60,12857,364,2100
16-07-2025,2,4,38mm,L.Jadhav,480,420,60,11546,576,1800
16-07-2025,2,5,53mm,M.Kadam,480,480,0,17660,201,2200
16-07-2025,2,6,82mm,M.Kadam,480,435,45,13314,237,1900
17-07-2025,1,1,74mm,B.Sawale,480,480,0,15229,540,2100
17-07-2025,1,2,38mm,B.Kumar,480,450,30,14205,257,1800
17-07-2025,1,3,82mm,A.Shaikh,480,465,15,14067,377,1900
17-07-2025,1,4,82mm,M.Kadam,480,420,60,12593,381,1900
17-07-2025,1,5,82mm,M.Kadam,480,420,60,14040,509,1900
17-07-2025,1,6,35mm,B.Kumar,480,420,60,14957,658,2000
17-07-2025,2,1,82mm,B.Kumar,480,480,0,12933,588,1900
17-07-2025,2,2,53mm,M.Kadam,480,465,15,17300,292,2200
17-07-2025,2,3,35mm,B.Sawale,480,465,15,13641,550,2000
17-07-2025,2,4,74mm,B.Sawale,480,465,15,14015,607,2100
17-07-2025,2,5,35mm,L.Jadhav,480,480,0,16085,389,2000
17-07-2025,2,6,82mm,B.Sawale,480,480,0,13235,522,1900
18-07-2025,1,1,74mm,B.Sawale,480,480,0,14429,232,2100
18-07-2025,1,2,82mm,B.Kumar,480,435,45,13222,367,1900
18-07-2025,1,3,35mm,L.Jadhav,480,420,60,14752,360,2000
18-07-2025,1,4,82mm,B.Kumar,480,435,45,12891,454,1900
18-07-2025,1,5,74mm,P.Singh,480,420,60,13653,597,2100
18-07-2025,1,6,82mm,B.Sawale,480,480,0,15662,486,1900
18-07-2025,2,1,53mm,A.Shaikh,480,420,60,13775,457,2200
18-07-2025,2,2,38mm,P.Singh,480,465,15,14524,236,1800
18-07-2025,2,3,38mm,L.Jadhav,480,420,60,13083,408,1800
18-07-2025,2,4,35mm,B.Kumar,480,435,45,12969,568,2000
18-07-2025,2,5,35mm,P.Singh,480,435,45,14119,381,2000
18-07-2025,2,6,53mm,B.Sawale,480,420,60,13201,352,2200
19-07-2025,1,1,74mm,M.Kadam,480,465,15,15291,387,2100
19-07-2025,1,2,74mm,P.Singh,480,450,30,13720,149,2100
19-07-2025,1,3,74mm,A.Shaikh,480,450,30,13912,330,2100
19-07-2025,1,4,35mm,B.Kumar,480,480,0,15466,536,2000
19-07-2025,1,5,38mm,B.Sawale,480,480,0,15434,485,1800
19-07-2025,1,6,35mm,B.Kumar,480,450,30,13092,366,2000
19-07-2025,2,1,35mm,P.Singh,480,435,45,15446,356,2000
19-07-2025,2,2,74mm,L.Jadhav,480,465,15,15796,315,2100
19-07-2025,2,3,53mm,B.Sawale,480,420,60,15287,511,2200
19-07-2025,2,4,35mm,A.Shaikh,480,465,15,17010,557,2000
19-07-2025,2,5,53mm,A.Shaikh,480,465,15,16663,246,2200
19-07-2025,2,6,74mm,B.Sawale,480,420,60,15159,663,2100
20-07-2025,1,1,74mm,M.Kadam,480,450,30,17164,580,2100
20-07-2025,1,2,82mm,B.Sawale,480,435,45,12666,337,1900
20-07-2025,1,3,53mm,L.Jadhav,480,435,45,14918,646,2200
20-07-2025,1,4,82mm,B.Sawale,480,480,0,15822,695,1900
20-07-2025,1,5,82mm,L.Jadhav,480,435,45,13857,480,1900
20-07-2025,1,6,35mm,B.Kumar,480,420,60,11994,308,2000
20-07-2025,2,1,35mm,P.Singh,480,435,45,12340,284,2000
20-07-2025,2,2,82mm,A.Shaikh,480,420,60,12675,310,1900
20-07-2025,2,3,38mm,B.Sawale,480,465,15,12002,403,1800
20-07-2025,2,4,35mm,B.Kumar,480,435,45,13158,232,2000
20-07-2025,2,5,53mm,B.Kumar,480,465,15,18082,519,2200
20-07-2025,2,6,82mm,B.Sawale,480,480,0,15663,544,1900
21-07-2025,1,1,53mm,A.Shaikh,480,435,45,16174,238,2200
21-07-2025,1,2,35mm,A.Shaikh,480,450,30,15680,650,2000
21-07-2025,1,3,53mm,P.Singh,480,465,15,17537,241,2200
21-07-2025,1,4,53mm,L.Jadhav,480,480,0,18974,292,2200
21-07-2025,1,5,74mm,M.Kadam,480,420,60,15822,370,2100
21-07-2025,1,6,82mm,P.Singh,480,450,30,15116,528,1900
21-07-2025,2,1,74mm,L.Jadhav,480,435,45,15472,595,2100
21-07-2025,2,2,82mm,L.Jadhav,480,435,45,15002,449,1900
21-07-2025,2,3,53mm,B.Kumar,480,435,45,15488,250,2200
21-07-2025,2,4,53mm,B.Kumar,480,435,45,13941,654,2200
21-07-2025,2,5,35mm,B.Sawale,480,480,0,17590,443,2000
21-07-2025,2,6,38mm,B.Sawale,480,480,0,14371,706,1800
22-07-2025,1,1,53mm,A.Shaikh,480,450,30,14777,682,2200
22-07-2025,1,2,74mm,B.Kumar,480,480,0,17873,775,2100
22-07-2025,1,3,82mm,B.Kumar,480,480,0,14330,346,1900
22-07-2025,1,4,35mm,P.Singh,480,420,60,14075,295,2000
22-07-2025,1,5,35mm,P.Singh,480,420,60,12827,245,2000
22-07-2025,1,6,53mm,P.Singh,480,450,30,14529,702,2200
22-07-2025,2,1,82mm,M.Kadam,480,435,45,13184,339,1900
22-07-2025,2,2,35mm,M.Kadam,480,450,30,14961,297,2000
22-07-2025,2,3,35mm,M.Kadam,480,435,45,15856,441,2000
22-07-2025,2,4,38mm,M.Kadam,480,420,60,10963,546,1800
22-07-2025,2,5,53mm,M.Kadam,480,465,15,16359,413,2200
22-07-2025,2,6,38mm,P.Singh,480,465,15,14985,289,1800
23-07-2025,1,1,74mm,P.Singh,480,480,0,15872,565,2100
23-07-2025,1,2,38mm,A.Shaikh,480,465,15,12476,385,1800
23-07-2025,1,3,38mm,B.Kumar,480,480,0,13377,484,1800
23-07-2025,1,4,38mm,L.Jadhav,480,420,60,11163,256,1800
23-07-2025,1,5,82mm,L.Jadhav,480,450,30,14330,524,1900
23-07-2025,1,6,35mm,P.Singh,480,420,60,13354,596,2000
23-07-2025,2,1,74mm,A.Shaikh,480,480,0,17990,586,2100
23-07-2025,2,2,82mm,A.Shaikh,480,435,45,11789,176,1900
23-07-2025,2,3,74mm,L.Jadhav,480,450,30,15346,740,2100
23-07-2025,2,4,82mm,M.Kadam,480,480,0,13817,545,1900
23-07-2025,2,5,35mm,A.Shaikh,480,480,0,14050,599,2000
23-07-2025,2,6,35mm,L.Jadhav,480,450,30,13419,272,2000
24-07-2025,1,1,74mm,M.Kadam,480,450,30,13427,219,2100
24-07-2025,1,2,53mm,M.Kadam,480,465,15,16569,282,2200
24-07-2025,1,3,35mm,B.Sawale,480,450,30,13691,314,2000
24-07-2025,1,4,74mm,A.Shaikh,480,450,30,13946,356,2100
24-07-2025,1,5,82mm,L.Jadhav,480,420,60,11397,116,1900
24-07-2025,1,6,82mm,B.Sawale,480,480,0,15662,302,1900
24-07-2025,2,1,74mm,B.Kumar,480,465,15,14667,656,2100
24-07-2025,2,2,35mm,B.Sawale,480,420,60,12186,349,2000
24-07-2025,2,3,38mm,B.Sawale,480,480,0,13782,638,1800
24-07-2025,2,4,74mm,A.Shaikh,480,480,0,14608,421,2100
24-07-2025,2,5,53mm,B.Sawale,480,435,45,14873,472,2200
24-07-2025,2,6,38mm,B.Kumar,480,480,0,13931,371,1800
25-07-2025,1,1,74mm,L.Jadhav,480,450,30,16020,440,2100
25-07-2025,1,2,53mm,P.Singh,480,450,30,15051,614,2200
25-07-2025,1,3,38mm,P.Singh,480,465,15,13070,615,1800
25-07-2025,1,4,53mm,L.Jadhav,480,480,0,16278,191,2200
25-07-2025,1,5,74mm,B.Sawale,480,480,0,17884,882,2100
25-07-2025,1,6,82mm,P.Singh,480,435,45,12330,478,1900
25-07-2025,2,1,35mm,B.Sawale,480,450,30,14974,577,2000
25-07-2025,2,2,53mm,M.Kadam,480,420,60,14948,228,2200
25-07-2025,2,3,74mm,B.Sawale,480,435,45,13420,509,2100
25-07-2025,2,4,53mm,A.Shaikh,480,480,0,17804,799,2200
25-07-2025,2,5,82mm,L.Jadhav,480,465,15,14322,289,1900
25-07-2025,2,6,38mm,M.Kadam,480,450,30,13875,495,1800
26-07-2025,1,1,35mm,M.Kadam,480,465,15,15012,275,2000
26-07-2025,1,2,74mm,B.Sawale,480,450,30,15495,597,2100
26-07-2025,1,3,35mm,B.Sawale,480,435,45,14226,516,2000
26-07-2025,1,4,82mm,B.Sawale,480,480,0,13327,616,1900
26-07-2025,1,5,38mm,L.Jadhav,480,450,30,11914,336,1800
26-07-2025,1,6,35mm,M.Kadam,480,480,0,14969,224,2000
26-07-2025,2,1,35mm,A.Shaikh,480,435,45,15772,564,2000
26-07-2025,2,2,82mm,P.Singh,480,435,45,12879,222,1900
26-07-2025,2,3,82mm,P.Singh,480,480,0,14073,487,1900
26-07-2025,2,4,53mm,B.Sawale,480,420,60,14510,272,2200
26-07-2025,2,5,74mm,A.Shaikh,480,435,45,14897,209,2100
26-07-2025,2,6,38mm,B.Kumar,480,450,30,14475,665,1800
27-07-2025,1,1,53mm,A.Shaikh,480,450,30,15182,197,2200
27-07-2025,1,2,82mm,P.Singh,480,420,60,14234,488,1900
27-07-2025,1,3,53mm,L.Jadhav,480,435,45,16894,244,2200
27-07-2025,1,4,53mm,P.Singh,480,420,60,15982,655,2200
27-07-2025,1,5,38mm,M.Kadam,480,435,45,11410,481,1800
27-07-2025,1,6,74mm,L.Jadhav,480,420,60,14797,221,2100
27-07-2025,2,1,74mm,B.Sawale,480,435,45,16472,737,2100
27-07-2025,2,2,35mm,P.Singh,480,435,45,14795,299,2000
27-07-2025,2,3,82mm,M.Kadam,480,465,15,14536,631,1900
27-07-2025,2,4,53mm,A.Shaikh,480,435,45,17400,362,2200
27-07-2025,2,5,53mm,B.Sawale,480,435,45,15414,538,2200
27-07-2025,2,6,53mm,B.Sawale,480,465,15,14502,296,2200
28-07-2025,1,1,35mm,L.Jadhav,480,480,0,14527,197,2000
28-07-2025,1,2,38mm,A.Shaikh,480,465,15,12423,306,1800
28-07-2025,1,3,53mm,P.Singh,480,420,60,15897,483,2200
28-07-2025,1,4,38mm,A.Shaikh,480,480,0,15011,384,1800
28-07-2025,1,5,74mm,L.Jadhav,480,435,45,16629,444,2100
28-07-2025,1,6,38mm,B.Kumar,480,465,15,14742,167,1800
28-07-2025,2,1,53mm,P.Singh,480,465,15,14697,593,2200
28-07-2025,2,2,38mm,B.Sawale,480,420,60,11726,550,1800
28-07-2025,2,3,53mm,L.Jadhav,480,465,15,14787,542,2200
28-07-2025,2,4,82mm,M.Kadam,480,420,60,12766,227,1900
28-07-2025,2,5,53mm,A.Shaikh,480,450,30,17904,384,2200
28-07-2025,2,6,82mm,B.Kumar,480,420,60,14444,176,1900
29-07-2025,1,1,82mm,A.Shaikh,480,450,30,13130,629,1900
29-07-2025,1,2,74mm,M.Kadam,480,480,0,18112,828,2100
29-07-2025,1,3,53mm,A.Shaikh,480,465,15,17631,737,2200
29-07-2025,1,4,38mm,A.Shaikh,480,480,0,13543,556,1800
29-07-2025,1,5,74mm,M.Kadam,480,450,30,16387,428,2100
29-07-2025,1,6,53mm,B.Sawale,480,465,15,15202,664,2200
29-07-2025,2,1,38mm,A.Shaikh,480,450,30,13149,412,1800
29-07-2025,2,2,53mm,L.Jadhav,480,450,30,15654,714,2200
29-07-2025,2,3,82mm,P.Singh,480,450,30,12202,218,1900
29-07-2025,2,4,74mm,A.Shaikh,480,435,45,12969,601,2100
29-07-2025,2,5,35mm,L.Jadhav,480,465,15,14931,302,2000
29-07-2025,2,6,38mm,B.Sawale,480,420,60,13832,138,1800
30-07-2025,1,1,53mm,M.Kadam,480,480,0,15989,521,2200
30-07-2025,1,2,82mm,B.Sawale,480,420,60,14044,530,1900
30-07-2025,1,3,74mm,P.Singh,480,465,15,14645,265,2100
30-07-2025,1,4,82mm,P.Singh,480,435,45,12934,638,1900
30-07-2025,1,5,74mm,B.Sawale,480,480,0,14318,603,2100
30-07-2025,1,6,38mm,B.Sawale,480,435,45,11417,391,1800
30-07-2025,2,1,82mm,M.Kadam,480,465,15,12616,323,1900
30-07-2025,2,2,53mm,B.Sawale,480,420,60,13431,575,2200
30-07-2025,2,3,53mm,A.Shaikh,480,420,60,16518,346,2200
30-07-2025,2,4,35mm,L.Jadhav,480,420,60,14466,339,2000
30-07-2025,2,5,35mm,B.Sawale,480,465,15,15011,274,2000
30-07-2025,2,6,74mm,B.Sawale,480,480,0,18393,362,2100
31-07-2025,1,1,82mm,L.Jadhav,480,480,0,15061,176,1900
31-07-2025,1,2,35mm,L.Jadhav,480,450,30,15857,161,2000
31-07-2025,1,3,53mm,B.Sawale,480,450,30,16826,579,2200
31-07-2025,1,4,74mm,B.Sawale,480,435,45,13103,177,2100
31-07-2025,1,5,74mm,A.Shaikh,480,435,45,16446,634,2100
31-07-2025,1,6,35mm,B.Kumar,480,435,45,13109,149,2000
31-07-2025,2,1,35mm,P.Singh,480,420,60,12522,423,2000
31-07-2025,2,2,74mm,P.Singh,480,480,0,14398,495,2100
31-07-2025,2,3,74mm,P.Singh,480,465,15,17595,669,2100
31-07-2025,2,4,53mm,L.Jadhav,480,480,0,18931,218,2200
31-07-2025,2,5,53mm,B.Sawale,480,450,30,15077,195,2200
31-07-2025,2,6,82mm,B.Sawale,480,435,45,11721,360,1900
01-08-2025,1,1,38mm,M.Kadam,480,435,45,13852,297,1800
01-08-2025,1,2,38mm,B.Kumar,480,450,30,13656,578,1800
01-08-2025,1,3,38mm,L.Jadhav,480,435,45,12949,622,1800
01-08-2025,1,4,38mm,P.Singh,480,435,45,12917,427,1800
01-08-2025,1,5,38mm,M.Kadam,480,435,45,11316,159,1800
01-08-2025,1,6,53mm,A.Shaikh,480,435,45,15288,672,2200
01-08-2025,2,1,38mm,L.Jadhav,480,435,45,11866,279,1800
01-08-2025,2,2,38mm,B.Sawale,480,450,30,14441,459,1800
01-08-2025,2,3,82mm,B.Kumar,480,420,60,13402,306,1900
01-08-2025,2,4,38mm,L.Jadhav,480,480,0,12370,170,1800
01-08-2025,2,5,74mm,B.Kumar,480,420,60,15052,320,2100
01-08-2025,2,6,53mm,B.Sawale,480,450,30,14343,173,2200
02-08-2025,1,1,53mm,B.Kumar,480,450,30,17624,630,2200
02-08-2025,1,2,74mm,P.Singh,480,420,60,15310,259,2100
02-08-2025,1,3,35mm,M.Kadam,480,450,30,15672,704,2000
02-08-2025,1,4,35mm,B.Kumar,480,450,30,14832,622,2000
02-08-2025,1,5,82mm,B.Kumar,480,450,30,13676,497,1900
02-08-2025,1,6,53mm,B.Kumar,480,465,15,15905,663,2200
02-08-2025,2,1,35mm,B.Sawale,480,465,15,16648,193,2000
02-08-2025,2,2,35mm,L.Jadhav,480,480,0,16205,551,2000
02-08-2025,2,3,38mm,P.Singh,480,420,60,12977,271,1800
02-08-2025,2,4,82mm,M.Kadam,480,465,15,14093,247,1900
02-08-2025,2,5,82mm,A.Shaikh,480,480,0,16678,308,1900
02-08-2025,2,6,53mm,M.Kadam,480,420,60,15674,392,2200
03-08-2025,1,1,53mm,M.Kadam,480,450,30,14627,274,2200
03-08-2025,1,2,38mm,B.Kumar,480,435,45,13589,297,1800
03-08-2025,1,3,35mm,A.Shaikh,480,420,60,14986,318,2000
03-08-2025,1,4,38mm,M.Kadam,480,465,15,12785,517,1800
03-08-2025,1,5,82mm,A.Shaikh,480,480,0,13859,385,1900
03-08-2025,1,6,35mm,L.Jadhav,480,450,30,13495,320,2000
03-08-2025,2,1,82mm,B.Kumar,480,480,0,14350,620,1900
03-08-2025,2,2,53mm,A.Shaikh,480,450,30,16794,306,2200
03-08-2025,2,3,74mm,P.Singh,480,465,15,14503,550,2100
03-08-2025,2,4,38mm,B.Kumar,480,480,0,13802,657,1800
03-08-2025,2,5,38mm,P.Singh,480,420,60,13339,235,1800
03-08-2025,2,6,38mm,B.Kumar,480,450,30,11524,276,1800
04-08-2025,1,1,74mm,L.Jadhav,480,435,45,15801,229,2100
04-08-2025,1,2,74mm,A.Shaikh,480,465,15,15750,572,2100
04-08-2025,1,3,74mm,M.Kadam,480,450,30,15152,169,2100
04-08-2025,1,4,53mm,B.Sawale,480,435,45,15476,234,2200
04-08-2025,1,5,35mm,B.Kumar,480,480,0,13738,208,2000
04-08-2025,1,6,53mm,P.Singh,480,480,0,19154,352,2200
04-08-2025,2,1,38mm,A.Shaikh,480,450,30,12492,509,1800
04-08-2025,2,2,35mm,P.Singh,480,450,30,16096,630,2000
04-08-2025,2,3,35mm,A.Shaikh,480,465,15,17033,696,2000
04-08-2025,2,4,38mm,L.Jadhav,480,450,30,11655,499,1800
04-08-2025,2,5,74mm,B.Sawale,480,465,15,16554,484,2100
04-08-2025,2,6,35mm,B.Kumar,480,480,0,17395,635,2000
05-08-2025,1,1,74mm,B.Sawale,480,435,45,15065,454,2100
05-08-2025,1,2,53mm,P.Singh,480,480,0,15737,381,2200
05-08-2025,1,3,38mm,B.Sawale,480,480,0,14759,729,1800
05-08-2025,1,4,74mm,B.Sawale,480,465,15,15842,554,2100
05-08-2025,1,5,74mm,A.Shaikh,480,480,0,17513,267,2100
05-08-2025,1,6,74mm,B.Kumar,480,420,60,14010,426,2100
05-08-2025,2,1,74mm,L.Jadhav,480,420,60,13150,336,2100
05-08-2025,2,2,38mm,L.Jadhav,480,420,60,11177,511,1800
05-08-2025,2,3,38mm,B.Kumar,480,480,0,12794,482,1800
05-08-2025,2,4,35mm,B.Kumar,480,435,45,12862,208,2000
05-08-2025,2,5,38mm,B.Sawale,480,480,0,13897,159,1800
05-08-2025,2,6,74mm,L.Jadhav,480,480,0,14354,271,2100
06-08-2025,1,1,35mm,M.Kadam,480,450,30,13871,677,2000
06-08-2025,1,2,38mm,P.Singh,480,450,30,12470,383,1800
06-08-2025,1,3,82mm,M.Kadam,480,435,45,13571,608,1900
06-08-2025,1,4,38mm,P.Singh,480,435,45,13729,502,1800
06-08-2025,1,5,74mm,P.Singh,480,465,15,15821,206,2100
06-08-2025,1,6,82mm,B.Kumar,480,480,0,14667,190,1900
06-08-2025,2,1,53mm,L.Jadhav,480,465,15,17388,582,2200
06-08-2025,2,2,74mm,P.Singh,480,420,60,13435,642,2100
06-08-2025,2,3,82mm,L.Jadhav,480,450,30,14064,185,1900
06-08-2025,2,4,38mm,M.Kadam,480,420,60,12757,600,1800
06-08-2025,2,5,38mm,B.Kumar,480,465,15,15116,153,1800
06-08-2025,2,6,35mm,L.Jadhav,480,480,0,15925,420,2000
07-08-2025,1,1,74mm,B.Kumar,480,465,15,17473,601,2100
07-08-2025,1,2,35mm,B.Sawale,480,450,30,14590,605,2000
07-08-2025,1,3,38mm,B.Kumar,480,465,15,15115,167,1800
07-08-2025,1,4,35mm,L.Jadhav,480,420,60,12452,546,2000
07-08-2025,1,5,74mm,L.Jadhav,480,480,0,18185,788,2100
07-08-2025,1,6,38mm,A.Shaikh,480,450,30,14125,277,1800
07-08-2025,2,1,53mm,M.Kadam,480,420,60,16283,789,2200
07-08-2025,2,2,82mm,L.Jadhav,480,480,0,14931,153,1900
07-08-2025,2,3,38mm,A.Shaikh,480,450,30,11760,482,1800
07-08-2025,2,4,74mm,A.Shaikh,480,420,60,14631,155,2100
07-08-2025,2,5,74mm,L.Jadhav,480,480,0,15779,607,2100
07-08-2025,2,6,53mm,M.Kadam,480,480,0,18138,229,2200
08-08-2025,1,1,38mm,M.Kadam,480,450,30,13067,543,1800
08-08-2025,1,2,35mm,L.Jadhav,480,480,0,14080,359,2000
08-08-2025,1,3,53mm,M.Kadam,480,465,15,16537,309,2200
08-08-2025,1,4,38mm,L.Jadhav,480,480,0,12853,231,1800
08-08-2025,1,5,38mm,L.Jadhav,480,465,15,15290,430,1800
08-08-2025,1,6,35mm,P.Singh,480,420,60,14728,387,2000
08-08-2025,2,1,53mm,B.Sawale,480,450,30,16461,410,2200
08-08-2025,2,2,53mm,B.Sawale,480,420,60,16432,760,2200
08-08-2025,2,3,38mm,A.Shaikh,480,420,60,12431,284,1800
08-08-2025,2,4,53mm,M.Kadam,480,420,60,13978,629,2200
08-08-2025,2,5,35mm,A.Shaikh,480,480,0,13889,221,2000
08-08-2025,2,6,82mm,B.Sawale,480,480,0,15974,505,1900
09-08-2025,1,1,38mm,A.Shaikh,480,435,45,12775,634,1800
09-08-2025,1,2,74mm,B.Kumar,480,450,30,14217,614,2100
09-08-2025,1,3,53mm,B.Kumar,480,435,45,14795,333,2200
09-08-2025,1,4,38mm,P.Singh,480,435,45,12658,480,1800
09-08-2025,1,5,35mm,M.Kadam,480,450,30,13334,433,2000
09-08-2025,1,6,38mm,B.Kumar,480,435,45,13566,284,1800
09-08-2025,2,1,74mm,P.Singh,480,465,15,17382,793,2100
09-08-2025,2,2,35mm,L.Jadhav,480,435,45,13003,562,2000
09-08-2025,2,3,38mm,M.Kadam,480,435,45,14293,302,1800
09-08-2025,2,4,82mm,A.Shaikh,480,420,60,11896,244,1900
09-08-2025,2,5,53mm,L.Jadhav,480,480,0,18932,868,2200
09-08-2025,2,6,38mm,M.Kadam,480,435,45,13112,327,1800
10-08-2025,1,1,38mm,L.Jadhav,480,435,45,13274,319,1800
10-08-2025,1,2,38mm,M.Kadam,480,420,60,10922,520,1800
10-08-2025,1,3,53mm,L.Jadhav,480,450,30,15845,481,2200
10-08-2025,1,4,74mm,M.Kadam,480,480,0,17691,208,2100
10-08-2025,1,5,35mm,B.Kumar,480,420,60,14572,709,2000
10-08-2025,1,6,38mm,A.Shaikh,480,420,60,13273,560,1800
10-08-2025,2,1,53mm,P.Singh,480,435,45,16131,695,2200
10-08-2025,2,2,82mm,B.Kumar,480,420,60,12845,581,1900
10-08-2025,2,3,53mm,M.Kadam,480,450,30,16488,171,2200
10-08-2025,2,4,82mm,L.Jadhav,480,420,60,13718,160,1900
10-08-2025,2,5,35mm,M.Kadam,480,420,60,15124,605,2000
10-08-2025,2,6,82mm,B.Kumar,480,480,0,13134,310,1900
11-08-2025,1,1,74mm,L.Jadhav,480,450,30,16979,826,2100
11-08-2025,1,2,53mm,L.Jadhav,480,480,0,15821,433,2200
11-08-2025,1,3,35mm,B.Sawale,480,420,60,12290,345,2000
11-08-2025,1,4,82mm,M.Kadam,480,420,60,12795,372,1900
11-08-2025,1,5,53mm,P.Singh,480,420,60,14292,364,2200
11-08-2025,1,6,35mm,L.Jadhav,480,435,45,12870,317,2000
11-08-2025,2,1,82mm,B.Kumar,480,465,15,15489,721,1900
11-08-2025,2,2,53mm,M.Kadam,480,420,60,15148,705,2200
11-08-2025,2,3,38mm,M.Kadam,480,480,0,14702,175,1800
11-08-2025,2,4,53mm,P.Singh,480,450,30,15767,214,2200
11-08-2025,2,5,74mm,B.Sawale,480,465,15,15465,339,2100
11-08-2025,2,6,53mm,B.Sawale,480,450,30,15653,615,2200
12-08-2025,1,1,38mm,L.Jadhav,480,435,45,13755,488,1800
12-08-2025,1,2,38mm,B.Sawale,480,450,30,13541,628,1800
12-08-2025,1,3,82mm,A.Shaikh,480,450,30,12478,459,1900
12-08-2025,1,4,35mm,A.Shaikh,480,450,30,13436,203,2000
12-08-2025,1,5,53mm,B.Sawale,480,420,60,13173,140,2200
12-08-2025,1,6,35mm,B.Kumar,480,435,45,15066,355,2000
12-08-2025,2,1,53mm,P.Singh,480,480,0,17508,514,2200
12-08-2025,2,2,38mm,L.Jadhav,480,420,60,11063,476,1800
12-08-2025,2,3,82mm,B.Sawale,480,465,15,13632,312,1900
12-08-2025,2,4,38mm,P.Singh,480,450,30,12846,421,1800
12-08-2025,2,5,38mm,A.Shaikh,480,435,45,12788,631,1800
12-08-2025,2,6,35mm,A.Shaikh,480,435,45,14670,575,2000
13-08-2025,1,1,35mm,L.Jadhav,480,465,15,15320,347,2000
13-08-2025,1,2,38mm,L.Jadhav,480,465,15,14251,634,1800
13-08-2025,1,3,38mm,L.Jadhav,480,435,45,13333,264,1800
13-08-2025,1,4,35mm,P.Singh,480,450,30,13035,418,2000
13-08-2025,1,5,53mm,A.Shaikh,480,420,60,15060,264,2200
13-08-2025,1,6,74mm,P.Singh,480,480,0,14721,327,2100
13-08-2025,2,1,35mm,M.Kadam,480,435,45,15822,307,2000
13-08-2025,2,2,74mm,B.Sawale,480,465,15,15069,602,2100
13-08-2025,2,3,38mm,M.Kadam,480,435,45,11435,246,1800
13-08-2025,2,4,82mm,M.Kadam,480,465,15,12876,640,1900
13-08-2025,2,5,74mm,A.Shaikh,480,480,0,14448,558,2100
13-08-2025,2,6,38mm,A.Shaikh,480,480,0,12709,597,1800
14-08-2025,1,1,35mm,L.Jadhav,480,465,15,15909,363,2000
14-08-2025,1,2,53mm,L.Jadhav,480,450,30,15019,622,2200
14-08-2025,1,3,74mm,B.Sawale,480,435,45,15314,162,2100
14-08-2025,1,4,38mm,L.Jadhav,480,480,0,14690,341,1800
14-08-2025,1,5,35mm,M.Kadam,480,450,30,15340,156,2000
14-08-2025,1,6,74mm,B.Kumar,480,480,0,17014,659,2100
14-08-2025,2,1,53mm,B.Kumar,480,420,60,15328,404,2200
14-08-2025,2,2,82mm,B.Sawale,480,465,15,15751,603,1900
14-08-2025,2,3,53mm,B.Sawale,480,420,60,16576,702,2200
14-08-2025,2,4,38mm,A.Shaikh,480,435,45,13970,193,1800
14-08-2025,2,5,82mm,P.Singh,480,435,45,14805,170,1900
14-08-2025,2,6,53mm,B.Kumar,480,435,45,16706,302,2200
15-08-2025,1,1,53mm,P.Singh,480,420,60,15303,461,2200
15-08-2025,1,2,53mm,P.Singh,480,435,45,13683,464,2200
15-08-2025,1,3,35mm,M.Kadam,480,480,0,14551,674,2000
15-08-2025,1,4,53mm,L.Jadhav,480,435,45,14109,154,2200
15-08-2025,1,5,35mm,B.Sawale,480,420,60,14288,466,2000
15-08-2025,1,6,53mm,P.Singh,480,450,30,14930,654,2200
15-08-2025,2,1,82mm,A.Shaikh,480,420,60,11795,573,1900
15-08-2025,2,2,74mm,L.Jadhav,480,450,30,13823,573,2100
15-08-2025,2,3,74mm,L.Jadhav,480,420,60,16019,771,2100
15-08-2025,2,4,82mm,P.Singh,480,435,45,12428,160,1900
15-08-2025,2,5,74mm,M.Kadam,480,435,45,14051,196,2100
15-08-2025,2,6,74mm,B.Sawale,480,420,60,13466,229,2100
16-08-2025,1,1,35mm,M.Kadam,480,435,45,14624,288,2000
16-08-2025,1,2,38mm,M.Kadam,480,465,15,12824,600,1800
16-08-2025,1,3,35mm,M.Kadam,480,420,60,15195,382,2000
16-08-2025,1,4,82mm,P.Singh,480,480,0,14956,361,1900
16-08-2025,1,5,82mm,B.Sawale,480,465,15,14433,675,1900
16-08-2025,1,6,82mm,B.Sawale,480,435,45,13478,197,1900
16-08-2025,2,1,35mm,B.Sawale,480,480,0,15926,538,2000
16-08-2025,2,2,53mm,M.Kadam,480,450,30,14440,364,2200
16-08-2025,2,3,53mm,P.Singh,480,450,30,17831,721,2200
16-08-2025,2,4,53mm,B.Kumar,480,465,15,14889,576,2200
16-08-2025,2,5,38mm,L.Jadhav,480,465,15,14471,403,1800
16-08-2025,2,6,53mm,A.Shaikh,480,435,45,16278,771,2200
17-08-2025,1,1,53mm,A.Shaikh,480,435,45,16571,747,2200
17-08-2025,1,2,53mm,P.Singh,480,450,30,16264,560,2200
17-08-2025,1,3,38mm,M.Kadam,480,435,45,12464,169,1800
17-08-2025,1,4,74mm,L.Jadhav,480,465,15,14537,610,2100
17-08-2025,1,5,38mm,A.Shaikh,480,480,0,15266,317,1800
17-08-2025,1,6,53mm,P.Singh,480,465,15,15647,384,2200
17-08-2025,2,1,53mm,B.Sawale,480,450,30,16715,693,2200
17-08-2025,2,2,35mm,B.Kumar,480,420,60,12249,424,2000
17-08-2025,2,3,35mm,A.Shaikh,480,435,45,14401,228,2000
17-08-2025,2,4,74mm,L.Jadhav,480,435,45,14958,464,2100
17-08-2025,2,5,82mm,M.Kadam,480,435,45,14189,652,1900
17-08-2025,2,6,35mm,B.Kumar,480,480,0,14860,336,2000
18-08-2025,1,1,74mm,M.Kadam,480,480,0,18393,662,2100
18-08-2025,1,2,35mm,B.Sawale,480,450,30,16401,666,2000
18-08-2025,1,3,82mm,A.Shaikh,480,450,30,13678,515,1900
18-08-2025,1,4,82mm,B.Kumar,480,465,15,15335,303,1900
18-08-2025,1,5,82mm,A.Shaikh,480,420,60,13774,272,1900
18-08-2025,1,6,74mm,B.Sawale,480,420,60,12500,226,2100
18-08-2025,2,1,53mm,P.Singh,480,435,45,16562,275,2200
18-08-2025,2,2,53mm,B.Kumar,480,435,45,15077,748,2200
18-08-2025,2,3,74mm,A.Shaikh,480,480,0,15631,167,2100
18-08-2025,2,4,35mm,A.Shaikh,480,480,0,17280,294,2000
18-08-2025,2,5,38mm,P.Singh,480,450,30,13949,513,1800
18-08-2025,2,6,38mm,B.Sawale,480,450,30,12724,346,1800
19-08-2025,1,1,35mm,P.Singh,480,450,30,12975,471,2000
19-08-2025,1,2,82mm,M.Kadam,480,480,0,14600,210,1900
19-08-2025,1,3,82mm,L.Jadhav,480,435,45,12622,215,1900
19-08-2025,1,4,53mm,B.Kumar,480,465,15,16341,797,2200
19-08-2025,1,5,74mm,B.Sawale,480,435,45,14179,184,2100
19-08-2025,1,6,74mm,P.Singh,480,465,15,15368,209,2100
19-08-2025,2,1,38mm,P.Singh,480,435,45,12659,408,1800
19-08-2025,2,2,82mm,L.Jadhav,480,435,45,13413,365,1900
19-08-2025,2,3,38mm,P.Singh,480,435,45,11207,269,1800
19-08-2025,2,4,38mm,B.Sawale,480,450,30,13003,238,1800
19-08-2025,2,5,38mm,P.Singh,480,450,30,13281,271,1800
19-08-2025,2,6,74mm,B.Sawale,480,465,15,15514,265,2100
20-08-2025,1,1,35mm,P.Singh,480,450,30,13409,222,2000
20-08-2025,1,2,53mm,B.Kumar,480,435,45,16616,583,2200
20-08-2025,1,3,35mm,A.Shaikh,480,450,30,15292,313,2000
20-08-2025,1,4,35mm,P.Singh,480,420,60,13296,539,2000
20-08-2025,1,5,38mm,B.Kumar,480,435,45,13369,315,1800
20-08-2025,1,6,38mm,L.Jadhav,480,435,45,11144,312,1800
20-08-2025,2,1,82mm,A.Shaikh,480,480,0,15880,521,1900
20-08-2025,2,2,74mm,L.Jadhav,480,465,15,15189,339,2100
20-08-2025,2,3,74mm,M.Kadam,480,420,60,15195,608,2100
20-08-2025,2,4,53mm,A.Shaikh,480,480,0,18012,556,2200
20-08-2025,2,5,82mm,M.Kadam,480,450,30,12440,585,1900
20-08-2025,2,6,35mm,B.Kumar,480,465,15,13396,189,2000
21-08-2025,1,1,38mm,M.Kadam,480,450,30,11668,397,1800
21-08-2025,1,2,53mm,A.Shaikh,480,480,0,17583,551,2200
21-08-2025,1,3,38mm,A.Shaikh,480,480,0,14311,673,1800
21-08-2025,1,4,53mm,B.Kumar,480,420,60,15889,282,2200
21-08-2025,1,5,53mm,B.Kumar,480,465,15,14625,647,2200
21-08-2025,1,6,38mm,M.Kadam,480,435,45,11227,252,1800
21-08-2025,2,1,35mm,M.Kadam,480,435,45,13303,466,2000
21-08-2025,2,2,82mm,P.Singh,480,435,45,12006,392,1900
21-08-2025,2,3,74mm,B.Sawale,480,420,60,13243,146,2100
21-08-2025,2,4,38mm,P.Singh,480,435,45,13285,585,1800
21-08-2025,2,5,35mm,P.Singh,480,420,60,14295,358,2000
21-08-2025,2,6,74mm,L.Jadhav,480,480,0,15743,463,2100
22-08-2025,1,1,35mm,A.Shaikh,480,450,30,13873,312,2000
22-08-2025,1,2,53mm,A.Shaikh,480,420,60,15884,549,2200
22-08-2025,1,3,35mm,B.Sawale,480,435,45,15845,607,2000
22-08-2025,1,4,82mm,B.Sawale,480,465,15,15222,188,1900
22-08-2025,1,5,38mm,A.Shaikh,480,435,45,12232,300,1800
22-08-2025,1,6,82mm,M.Kadam,480,465,15,14461,703,1900
22-08-2025,2,1,35mm,B.Kumar,480,450,30,15116,240,2000
22-08-2025,2,2,74mm,B.Kumar,480,420,60,14062,325,2100
22-08-2025,2,3,38mm,B.Sawale,480,465,15,13092,639,1800
22-08-2025,2,4,35mm,M.Kadam,480,450,30,14742,193,2000
22-08-2025,2,5,53mm,M.Kadam,480,465,15,16710,477,2200
22-08-2025,2,6,35mm,M.Kadam,480,465,15,16476,768,2000
23-08-2025,1,1,74mm,L.Jadhav,480,480,0,17920,538,2100
23-08-2025,1,2,53mm,B.Kumar,480,450,30,17428,479,2200
23-08-2025,1,3,74mm,M.Kadam,480,465,15,17039,841,2100
23-08-2025,1,4,53mm,B.Kumar,480,480,0,19093,818,2200
23-08-2025,1,5,35mm,L.Jadhav,480,420,60,12485,506,2000
23-08-2025,1,6,82mm,L.Jadhav,480,420,60,14408,241,1900
23-08-2025,2,1,53mm,B.Kumar,480,420,60,15673,729,2200
23-08-2025,2,2,53mm,A.Shaikh,480,450,30,14958,530,2200
23-08-2025,2,3,38mm,B.Kumar,480,450,30,12226,568,1800
23-08-2025,2,4,35mm,B.Kumar,480,435,45,15304,291,2000
23-08-2025,2,5,82mm,B.Kumar,480,450,30,14023,587,1900
23-08-2025,2,6,38mm,B.Kumar,480,435,45,11163,351,1800
24-08-2025,1,1,53mm,L.Jadhav,480,465,15,14544,637,2200
24-08-2025,1,2,74mm,P.Singh,480,420,60,13946,146,2100
24-08-2025,1,3,74mm,L.Jadhav,480,480,0,15792,165,2100
24-08-2025,1,4,38mm,B.Sawale,480,480,0,12587,180,1800
24-08-2025,1,5,82mm,B.Kumar,480,465,15,13568,638,1900
24-08-2025,1,6,35mm,P.Singh,480,450,30,16324,271,2000
24-08-2025,2,1,82mm,B.Sawale,480,480,0,15760,751,1900
24-08-2025,2,2,35mm,L.Jadhav,480,465,15,15208,387,2000
24-08-2025,2,3,35mm,A.Shaikh,480,480,0,15323,208,2000
24-08-2025,2,4,53mm,P.Singh,480,465,15,14802,314,2200
24-08-2025,2,5,38mm,M.Kadam,480,480,0,14135,314,1800
24-08-2025,2,6,53mm,P.Singh,480,420,60,16614,597,2200
25-08-2025,1,1,53mm,B.Sawale,480,420,60,13276,538,2200
25-08-2025,1,2,53mm,M.Kadam,480,450,30,16772,396,2200
25-08-2025,1,3,38mm,M.Kadam,480,435,45,13718,621,1800
25-08-2025,1,4,74mm,L.Jadhav,480,480,0,15571,699,2100
25-08-2025,1,5,35mm,B.Kumar,480,435,45,15485,316,2000
25-08-2025,1,6,74mm,L.Jadhav,480,450,30,14339,231,2100
25-08-2025,2,1,35mm,P.Singh,480,480,0,14533,582,2000
25-08-2025,2,2,53mm,A.Shaikh,480,450,30,17687,871,2200
25-08-2025,2,3,82mm,P.Singh,480,465,15,13872,353,1900
25-08-2025,2,4,53mm,M.Kadam,480,480,0,15514,649,2200
25-08-2025,2,5,38mm,B.Sawale,480,465,15,12459,560,1800
25-08-2025,2,6,74mm,B.Kumar,480,435,45,15204,182,2100
26-08-2025,1,1,74mm,B.Sawale,480,435,45,15179,375,2100
26-08-2025,1,2,53mm,B.Sawale,480,420,60,13366,433,2200
26-08-2025,1,3,74mm,L.Jadhav,480,420,60,15384,650,2100
26-08-2025,1,4,82mm,L.Jadhav,480,450,30,14591,454,1900
26-08-2025,1,5,38mm,B.Kumar,480,420,60,13275,366,1800
26-08-2025,1,6,53mm,L.Jadhav,480,450,30,14277,193,2200
26-08-2025,2,1,38mm,B.Sawale,480,450,30,11607,462,1800
26-08-2025,2,2,38mm,B.Kumar,480,480,0,13755,658,1800
26-08-2025,2,3,38mm,B.Sawale,480,435,45,11978,570,1800
26-08-2025,2,4,35mm,B.Sawale,480,420,60,13305,149,2000
26-08-2025,2,5,82mm,P.Singh,480,450,30,15320,315,1900
26-08-2025,2,6,38mm,P.Singh,480,465,15,13364,508,1800
27-08-2025,1,1,82mm,B.Sawale,480,465,15,15175,373,1900
27-08-2025,1,2,35mm,B.Kumar,480,420,60,14834,669,2000
27-08-2025,1,3,74mm,L.Jadhav,480,435,45,15912,359,2100
27-08-2025,1,4,35mm,B.Kumar,480,450,30,15938,787,2000
27-08-2025,1,5,82mm,L.Jadhav,480,480,0,13377,567,1900
27-08-2025,1,6,38mm,B.Sawale,480,435,45,11742,490,1800
27-08-2025,2,1,82mm,L.Jadhav,480,465,15,13585,275,1900
27-08-2025,2,2,38mm,L.Jadhav,480,420,60,13447,543,1800
27-08-2025,2,3,74mm,B.Kumar,480,450,30,17109,696,2100
27-08-2025,2,4,74mm,B.Kumar,480,420,60,13421,374,2100
27-08-2025,2,5,53mm,A.Shaikh,480,480,0,16920,829,2200
27-08-2025,2,6,53mm,A.Shaikh,480,435,45,16176,683,2200
28-08-2025,1,1,38mm,A.Shaikh,480,420,60,11739,148,1800
28-08-2025,1,2,82mm,B.Sawale,480,465,15,14557,423,1900
28-08-2025,1,3,74mm,P.Singh,480,465,15,15012,728,2100
28-08-2025,1,4,38mm,B.Kumar,480,465,15,13320,349,1800
28-08-2025,1,5,53mm,A.Shaikh,480,480,0,17939,597,2200
28-08-2025,1,6,82mm,B.Kumar,480,420,60,12357,224,1900
28-08-2025,2,1,38mm,B.Kumar,480,450,30,12874,202,1800
28-08-2025,2,2,38mm,B.Kumar,480,465,15,14383,447,1800
28-08-2025,2,3,53mm,M.Kadam,480,450,30,14857,256,2200
28-08-2025,2,4,82mm,L.Jadhav,480,435,45,12617,292,1900
28-08-2025,2,5,74mm,L.Jadhav,480,420,60,14452,228,2100
28-08-2025,2,6,53mm,P.Singh,480,450,30,15278,370,2200
29-08-2025,1,1,35mm,P.Singh,480,435,45,12477,505,2000
29-08-2025,1,2,53mm,B.Kumar,480,420,60,15870,561,2200
29-08-2025,1,3,82mm,B.Sawale,480,450,30,13976,399,1900
29-08-2025,1,4,38mm,L.Jadhav,480,480,0,14800,198,1800
29-08-2025,1,5,53mm,A.Shaikh,480,450,30,14346,623,2200
29-08-2025,1,6,35mm,B.Kumar,480,450,30,14651,342,2000
29-08-2025,2,1,53mm,A.Shaikh,480,465,15,17344,855,2200
29-08-2025,2,2,82mm,P.Singh,480,465,15,15777,603,1900
29-08-2025,2,3,53mm,P.Singh,480,465,15,17403,174,2200
29-08-2025,2,4,53mm,M.Kadam,480,480,0,16796,458,2200
29-08-2025,2,5,35mm,P.Singh,480,420,60,15186,203,2000
29-08-2025,2,6,82mm,P.Singh,480,465,15,12746,337,1900
30-08-2025,1,1,82mm,B.Kumar,480,450,30,13282,295,1900
30-08-2025,1,2,82mm,L.Jadhav,480,420,60,13137,410,1900
30-08-2025,1,3,35mm,P.Singh,480,420,60,12686,431,2000
30-08-2025,1,4,38mm,A.Shaikh,480,480,0,15733,286,1800
30-08-2025,1,5,53mm,L.Jadhav,480,420,60,15155,532,2200
30-08-2025,1,6,74mm,P.Singh,480,420,60,14307,668,2100
30-08-2025,2,1,82mm,B.Sawale,480,450,30,12474,408,1900
30-08-2025,2,2,38mm,M.Kadam,480,435,45,13298,325,1800
30-08-2025,2,3,35mm,B.Sawale,480,450,30,12994,191,2000
30-08-2025,2,4,53mm,L.Jadhav,480,465,15,16881,318,2200
30-08-2025,2,5,38mm,B.Kumar,480,450,30,12993,364,1800
30-08-2025,2,6,38mm,M.Kadam,480,435,45,11792,330,1800
31-08-2025,1,1,35mm,M.Kadam,480,435,45,12832,151,2000
31-08-2025,1,2,35mm,P.Singh,480,435,45,12931,547,2000
31-08-2025,1,3,82mm,M.Kadam,480,465,15,13729,586,1900
31-08-2025,1,4,74mm,A.Shaikh,480,420,60,14900,153,2100
31-08-2025,1,5,35mm,M.Kadam,480,420,60,11973,501,2000
31-08-2025,1,6,82mm,M.Kadam,480,480,0,15461,173,1900
31-08-2025,2,1,53mm,P.Singh,480,435,45,16990,397,2200
31-08-2025,2,2,53mm,B.Kumar,480,450,30,14684,394,2200
31-08-2025,2,3,38mm,L.Jadhav,480,420,60,13154,537,1800
31-08-2025,2,4,53mm,A.Shaikh,480,420,60,16603,324,2200
31-08-2025,2,5,53mm,B.Sawale,480,420,60,13326,133,2200
31-08-2025,2,6,38mm,A.Shaikh,480,450,30,13204,265,1800
